fluxo,fluxo analitico,erro
0.09321384206257921,0.09375,0.0005361579374207892
