forca,forca analitica,erro
2.559084688676003,2.6666666666666665,0.10758197799066371
